"","Cluster","Count","Mean_logCPM","STDev_logCPM","Mean_Silhouette"
"1",1,48,6.45628315713819e-18,0.972388203382002,0.40951750276734
"2",2,79,9.70421940277339e-18,0.972167206870302,0.39188415118055
"3",3,53,-1.02227536286419e-17,0.972335058992776,0.350488970708286
"4",4,14,-4.62205711865547e-18,0.973759298448411,0.0927705481612532
"5",5,6,-8.17736195191142e-18,0.97635599452115,0.0370994825191797
