"","Cluster","Count","Mean_logCPM","STDev_logCPM","Mean_Silhouette"
"1",1,22.6666666666667,9.06340543352804,0.860999493111246,0.567833356079282
"2",2,4,4.41107670012844,6.52937137147652,0.356415773697157
"3",3,10.6666666666667,3.64925439032805,7.01004953141134,0.555843868868061
"4",4,228,6.82531817460271,1.02545772761557,0.509331733938385
"5",5,1.33333333333333,3.24131884483166,6.51677309864064,0
